"adm1","adm2","cm_rdt_kit_quantity","cm_act_packs_quantity","cm_iv_artesunate_quantity","cm_ras_quantity"
"Benue","Ado",95840.09841095,74458.7132322799,7213.18960540973,577.098516928003
"Benue","Agatu",60083.9955529375,46679.5951684312,4522.08688596689,361.794126880272
"Benue","Apa",50303.4602075598,39081.0420720327,3785.97687503893,302.900902267989
"Benue","Buruku",107184.625405062,83272.3402653878,8067.00993269429,645.409274242543
"Benue","Gboko",187806.341800956,145907.8066406,14134.8222191924,1130.87072238046
"Benue","Guma",100920.862241585,78405.9873204605,7595.58187605972,607.692196610475
"Benue","Gwer East",87664.6166419409,68107.1353158611,6597.88034453468,527.870078285999
"Benue","Gwer West",63574.7791730447,49391.6046596047,4784.81286956641,382.813784450346
"Benue","Katsina Ala",117193.340322987,91048.1673591992,8820.29336631435,705.676475875859
"Benue","Konshisha",117724.026754811,91460.4606424761,8860.23428788301,708.871989630929
"Benue","Kwande",129236.959629346,100404.923154313,9726.7293052638,778.196798323179
"Benue","Logo",88137.6084665831,68474.6053332774,6633.47901116296,530.718185550556
"Benue","Makurdi",156127.324517113,121296.199364238,11750.5721822026,940.116390995574
"Benue","Obi",51305.0593790825,39859.1901199022,3861.35998558037,308.932004134804
"Benue","Ogbadibo",68083.7946442224,52894.6842212381,5124.17378495143,409.964697109726
"Benue","Ohimini",36741.5891212233,28544.7479023336,2765.27312815408,221.23846848026
"Benue","Oju",87576.7753030787,68038.8908840553,6591.26916358943,527.341144079724
"Benue","Okpokwu",91269.7499339396,70907.9837123441,6869.21259918719,549.578289260692
"Benue","Oturkpo",138472.774719531,107580.280010873,10421.8421704484,833.810004898916
"Benue","Tarka",41207.4635798237,32014.3109678731,3101.3871321873,248.129608718807
"Benue","Ukum",112781.522072917,87620.6008670787,8488.24778132437,679.110833610405
"Benue","Ushongo",99762.2921568298,77505.8876843935,7508.38470252736,600.71589870641
"Benue","Vandeikya",121921.179484467,94721.2522805384,9176.1235549417,734.145029368623
"Federal Capital Territory","Abaji",29837.8270062719,78314.8036315435,7586.76041536359,606.920816601908
"Federal Capital Territory","Abuja Municipal",394990.713640647,1036724.96554619,100432.913900036,8034.36813352935
"Federal Capital Territory","Bwari",116657.650643498,306189.220828391,29662.1347749407,2372.89252251945
"Federal Capital Territory","Gwagwalada",80706.9411698243,211830.045401387,20521.0730119052,1641.6316989148
"Federal Capital Territory","Kuje",49473.4394001029,129852.039519557,12579.439232411,1006.32194946716
"Federal Capital Territory","Kwali",43846.4735929619,115083.044373395,11148.6902225972,891.865803517152
"Kogi","Adavi",101224.082126101,106758.44273384,10342.2200432761,827.374981660671
"Kogi","Ajaokuta",57053.3278528248,60172.6813068357,5829.22619263682,466.336617674694
"Kogi","Ankpa",124038.050465185,130819.749898134,12673.1582515298,1013.84944741717
"Kogi","Bassa",65094.1600870486,68653.1407941385,6650.77038005472,532.059944402811
"Kogi","Dekina",121611.121790839,128260.130482899,12425.1952188974,994.012467666373
"Kogi","Ibaji",59448.5685183658,62698.8801920711,6073.95161270799,485.914589241342
"Kogi","Idah",37165.840326892,39197.8583836471,3797.29102680467,303.782319513242
"Kogi","Igalamela Odolu",68524.3870401707,72270.9131665544,7001.24193981033,560.097580337072
"Kogi","Ijumu",55264.3533557407,58285.8957970267,5646.44391877433,451.71408210186
"Kogi","Kabba/Bunu",67373.8327204779,71057.4530405531,6883.6880366672,550.693297886088
"Kogi","Kogi",53636.6149034577,56569.1618075078,5480.13537941468,438.409441113085
"Kogi","Lokoja",91635.6634618647,96645.7835387815,9362.55657180053,749.002152291923
"Kogi","Mopa Muro",20392.1656661625,21507.0940112645,2083.49890706504,166.679384388433
"Kogi","Ofu",89229.7047933456,94108.2806507523,9116.73607689246,729.33657501593
"Kogi","Ogori/Mangongo",18550.0671543175,19564.2799658685,1895.28887096751,151.622629212759
"Kogi","Okehi",104185.512948963,109881.787853621,10644.7939819049,851.580820047063
"Kogi","Okene",151740.360162542,160036.665293189,15503.5458093062,1240.27973452273
"Kogi","Olamabolo",73856.3605217116,77894.4088173059,7546.01786519055,603.67951626423
"Kogi","Omala",50313.1019799871,53063.9379846481,5140.56695607857,411.244053328389
"Kogi","Yagba East",68800.7251169539,72562.3598472828,7029.47582582243,562.356284060617
"Kogi","Yagba West",65206.4661182539,68771.5870842828,6662.24485986739,532.97789987899
"Kwara","Asa",50609.6353350877,40052.5893790238,3880.1034902148,310.385088617933
"Kwara","Baruten",83902.4354398931,66400.5929369786,6432.57218575821,514.567328668669
"Kwara","Edu",81857.6385940077,64782.3357041511,6275.80315697607,502.026743343096
"Kwara","Ekiti",22083.562362382,17476.9853501261,1693.08683675197,135.436827700187
"Kwara","Ifelodun",83210.6876087657,65853.1420088988,6379.53775553293,510.324891226784
"Kwara","Ilorin East",84220.2984397597,66652.1504937196,6456.94187992863,516.516758549536
"Kwara","Ilorin South",84946.5524713835,67226.9097133996,6512.6218069668,520.970819924849
"Kwara","Ilorin West",148263.400605737,117336.018429721,11366.952841144,909.288289297414
"Kwara","Irepodun",59916.5665419108,47418.1175346331,4593.6406658867,367.463798003298
"Kwara","Isin",24146.6271967654,19109.6999138008,1851.25642267034,148.08944922581
"Kwara","Kaiama",50344.5465242155,39842.7974447303,3859.77984999349,308.759318870543
"Kwara","Moro",44133.4304348675,34927.3049566895,3383.5904236749,270.667010853615
"Kwara","Offa",36119.8728137086,28585.3558250605,2769.21269324816,221.520464431775
"Kwara","Oke Ero",23127.2734385724,18302.9808525282,1773.10533446865,141.837829263032
"Kwara","Oyun",38344.1019021752,30345.6161742092,2939.73830545729,235.161494211171
"Kwara","Pategi",45000.9569108764,35613.8675349211,3450.10132589992,275.987485509313
"Nasarawa","Akwanga",44452.5917347672,29397.6540678959,2847.86743340517,227.829394672414
"Nasarawa","Awe",44921.7389424914,29707.9133077145,2877.92347743344,230.233878194675
"Nasarawa","Doma",55213.5813283679,36514.1761233125,3537.27317149308,282.981853719446
"Nasarawa","Karu",85896.4443067032,56805.5507417305,5502.97917039196,440.238333631356
"Nasarawa","Keana",32495.0980008909,21489.8527319257,2081.80733069987,166.544586455989
"Nasarawa","Keffi",36765.0923580696,24313.7109612318,2355.365685704,188.42925485632
"Nasarawa","Kokona",43124.2020119645,28519.1554244128,2762.76378291361,221.021102633089
"Nasarawa","Lafia",131060.105899071,86673.4537844574,8396.40148848011,671.712119078409
"Nasarawa","Nasarawa",58953.2526353249,38987.3179384291,3776.85623540683,302.148498832546
"Nasarawa","Nasarawa Eggon",74372.3456648059,49184.3648423752,4764.68464265265,381.174771412212
"Nasarawa","Obi",59180.4771931727,39137.5874432354,3791.41343878038,303.313075102431
"Nasarawa","Toto",47292.5014621344,31275.7601690504,3029.80702591839,242.384562073471
"Nasarawa","Wamba",28874.6004130849,19095.5235941551,1849.85916366036,147.988733092829
"Niger","Agaie",59566.1597127755,51111.101376086,4951.40433374885,396.11635496052
"Niger","Agwara",25859.1391319213,22188.5897637693,2149.52674777434,171.963879906743
"Niger","Bida",83670.3026024969,71793.8060654732,6955.04798210496,556.409468818524
"Niger","Borgu",77935.4510587409,66872.9822278598,6478.3415950543,518.272571951138
"Niger","Bosso",66798.0789657051,57316.4931599863,5552.5536524718,444.208787100725
"Niger","Chanchaga",91154.7393003474,78215.8719607954,7577.18767484492,606.181147872217
"Niger","Edati",72065.7732363575,61836.4698914693,5990.42784759099,479.239077178158
"Niger","Gbako",57197.4558946162,49078.6208273375,4754.50712890712,380.364419180965
"Niger","Gurara",40979.5229945747,35162.7260212669,3406.40035766448,272.514786162221
"Niger","Katcha",54513.5561943146,46775.6845573677,4531.40943935487,362.516423414754
"Niger","Kontagora",68526.0197673778,58799.1631510018,5696.18778324536,455.699633837305
"Niger","Lapai",52767.5784322905,45277.5378441078,4386.27599615153,350.905630470068
"Niger","Lavun",94593.4857913588,81166.5090566942,7863.03158958374,629.048892447675
"Niger","Magama",81829.1798746187,70214.019642374,6802.00566583449,544.165959626077
"Niger","Mariga",90004.4321539311,77228.8439996575,7481.56902463528,598.53157845024
"Niger","Mashegu",97037.4939189856,83263.6049208132,8066.18842381983,645.301603646073
"Niger","Mokwa",109510.502926049,93966.1452708859,9103.00045182803,728.247405206755
"Niger","Muya",46653.0488731356,40030.9290032493,3878.00908245386,310.243865922045
"Niger","Paikoro",71326.2578619465,61201.9242794481,5928.95603796973,474.321282645802
"Niger","Rafi",83925.0746674617,72012.4147671757,6976.22577017569,558.103709008025
"Niger","Rijau",79452.3594243012,68174.5745686155,6604.43377039936,528.360048052875
"Niger","Shiroro",106267.006530843,91183.043693283,8833.38659414165,706.678078334047
"Niger","Suleja",96982.4811899135,83216.4009179677,8061.61552090898,644.935767711349
"Niger","Tafa",37820.8003130202,32452.3650382128,3143.83326839809,251.509206467612
"Niger","Wushishi",36865.7432624088,31632.8725953708,3064.44467524089,245.158054748386
"Plateau","Barikin Ladi",54412.0526980979,50398.0639782553,4882.30403670217,390.559650108313
"Plateau","Bassa",57446.9987591597,53209.1214218076,5154.62475739451,412.343931585114
"Plateau","Bokkos",54334.8853588247,50326.5892900405,4875.37993821014,390.00575722003
"Plateau","Jos East",26721.3851967117,24750.1429178495,2397.66596448841,191.801160502846
"Plateau","Jos North",132309.304215702,122548.818655659,11871.8963544663,949.691713475189
"Plateau","Jos South",94232.5180821784,87280.9651473367,8455.32893188043,676.383585364855
"Plateau","Kanam",50724.3617318899,46982.4147602746,4551.4135887655,364.090086435335
"Plateau","Kanke",37605.6114384318,34831.4374708703,3374.28969179336,269.92612329835
"Plateau","Langtang North",43067.2433568727,39890.1636391056,3864.35294506441,309.128707014903
"Plateau","Langtang South",31827.1395034457,29479.244641612,2855.79690471387,228.449320546379
"Plateau","Mangu",90942.4658759899,84233.6207933333,8160.11795617327,652.768199163261
"Plateau","Mikang",29168.6490112303,27016.8715593897,2617.25492333166,209.367167512806
"Plateau","Pankshin",57531.7315238518,53287.6034323964,5162.22768907203,412.952127697738
"Plateau","Qua'an Pan",59699.0745978697,55295.0611460988,5356.69982005204,428.508915407066
"Plateau","Riyom",39878.2652342812,36936.4371120187,3578.21118071543,286.238811890511
"Plateau","Shendam",62072.4998602994,57493.3983212689,5569.66336700488,445.544922947454
"Plateau","Wase",48376.6589158846,44807.9024811761,4340.75807464334,347.238709857707
"Adamawa","Demsa",65311.1839035782,67200.4535785081,6510.0223687678,520.806279210728
"Adamawa","Fufore",76679.0573264697,78897.1677487672,7643.13779931339,611.456295120029
"Adamawa","Ganye",62214.5155854047,64014.2073167549,6201.35578495995,496.112739630759
"Adamawa","Girei",47537.2815293074,48912.4019765882,4738.37324037926,379.073127102126
"Adamawa","Gombi",54101.8229977417,55666.8372485776,5392.7069891489,431.420278272242
"Adamawa","Guyuk",64614.9002836271,66484.0284230696,6440.61891181042,515.253954789271
"Adamawa","Hong",61934.4646026168,63726.0552431953,6173.44114533198,493.879549208879
"Adamawa","Jada",61664.2977721626,63448.07324282,6146.51172827912,491.725177272478
"Adamawa","Lamurde",40727.8327308272,41905.9748912506,4059.62786558203,324.773029014054
"Adamawa","Madagali",49472.7449881303,50903.8529738561,4931.29441647479,394.506954240003
"Adamawa","Maiha",40332.8327171956,41499.5486332494,4020.25545230284,321.623208798096
"Adamawa","Mayo Belwa",55938.0788535116,57556.2108446237,5575.73944976838,446.063001352171
"Adamawa","Michika",56829.482962124,58473.4007781109,5664.59193015283,453.171261061029
"Adamawa","Mubi North",55466.568179223,57071.0606867873,5528.74068396337,442.30306767455
"Adamawa","Mubi South",47574.2555806297,48950.4455836856,4742.05870260466,379.367966621878
"Adamawa","Numan",33514.2319258139,34483.7048134817,3340.59783438051,267.250130630877
"Adamawa","Shelleng",54359.1770381337,55931.6358207507,5418.35926582663,433.472478097838
"Adamawa","Song",71454.3676188244,73521.3423973378,7122.35644405797,569.793427536944
"Adamawa","Toungo",19101.6735044298,19654.2314330322,1903.99736097763,152.321101991158
"Adamawa","Yola North",73096.6012250812,75211.0812234667,7286.04935042539,582.88897293897
"Adamawa","Yola South",71823.7420523316,73901.4017989348,7159.17457658689,572.738903531292
"Bauchi","Alkaleri",198041.526526284,206852.435753299,20038.8656511185,1603.0866753913
"Bauchi","Bauchi",297848.944486549,311100.306760234,30137.896266424,2410.99774658815
"Bauchi","Bogoro",50558.8523858651,52808.2263773083,5115.80610494142,409.258724695292
"Bauchi","Damban",90617.3123958712,94648.8957103441,9169.12821576992,733.51992690438
"Bauchi","Darazo",150783.124944069,157491.497931042,15257.0162238625,1220.54410866004
"Bauchi","Dass",54362.4243685028,56781.0200785686,5500.67118496452,440.047497490622
"Bauchi","Gamawa",171574.577502611,179207.966593046,17360.8028984058,1388.84467240168
"Bauchi","Ganjuwa",167991.196443631,175465.160156014,16998.2178745617,1359.83827899894
"Bauchi","Giade",94122.2692902605,98309.7888751851,9523.77787713934,761.891500249482
"Bauchi","Itas/Gadau",137861.838933582,143995.341184445,13949.5736942804,1115.95017931775
"Bauchi","Jama'are",70872.5208032097,74025.6541810418,7171.24810963892,573.691769316568
"Bauchi","Katagum",176768.066986913,184632.515518368,17886.3070179806,1430.8844099108
"Bauchi","Kirfi",87856.7818022868,91765.5485292232,8889.80345666037,711.174260875604
"Bauchi","Misau",157698.929735339,164714.988334095,15956.7931116317,1276.52547128108
"Bauchi","Ningi",232857.63276482,243217.517891418,23561.739301138,1884.91259836305
"Bauchi","Shira",141162.893000036,147443.259841589,14283.5914132156,1142.67122051299
"Bauchi","Tafawa Balewa",133508.091273202,139447.89437366,13509.0389944348,1080.70789965654
"Bauchi","Toro",208728.930371551,218015.324446642,21120.2724326711,1689.5979995534
"Bauchi","Warji",69364.9670546591,72451.0290486945,7018.70602637521,561.488574516325
"Bauchi","Zaki",114440.763810041,119532.257495669,11579.7082118353,926.363610720458
"Borno","Abadam",22751.9005568541,65119.6742128493,6308.47181297071,504.6787046397
"Borno","Askira/Uba",32585.2508320036,93264.336885685,9034.98746746885,722.800371738663
"Borno","Bama",61417.2850298994,175786.351658428,17029.3119237279,1362.34754428193
"Borno","Bayo",17980.0608827753,51461.8857483006,4985.37284790983,398.830586173969
"Borno","Biu",39962.7646217227,114379.992401443,11080.5676894792,886.447100659308
"Borno","Chibok",15082.2147567861,43167.7744422219,4181.88038544732,334.551066955131
"Borno","Damboa",53022.9671699234,151760.435980977,14701.8000977841,1176.14624416108
"Borno","Dikwa",23883.527090322,68358.5751128378,6622.24050545215,529.780247766585
"Borno","Gubio",34398.0815234521,98452.9559083107,9537.6352040882,763.012267127583
"Borno","Guzamala",21825.5902298804,62468.4219993566,6051.63161743738,484.131449928241
"Borno","Gwoza",62883.6019907863,179983.191502516,17435.8810010461,1394.87313231192
"Borno","Hawul",27451.2088135779,78569.8658545938,7611.45982506763,608.917943809173
"Borno","Jere",47544.9125042932,136081.344282479,13182.8872772185,1054.63298746908
"Borno","Kaga",20462.4998002763,58567.0334328645,5673.68439794246,453.895614877874
"Borno","Kala/Balge",13831.9004494645,39589.169650372,3835.20286084305,306.816812252551
"Borno","Konduga",35770.4941728417,102381.02619811,9918.16721691078,793.454886037344
"Borno","Kukawa",46234.3448251875,132330.284449742,12819.503161594,1025.56220294359
"Borno","Kwaya Kusar",12892.8573344911,36901.4741074842,3574.83221588658,285.987121050213
"Borno","Mafa",23555.6577993313,67420.1593809142,6531.33143280633,522.507508126447
"Borno","Magumeri",31890.4044011661,91275.5723386958,8842.32579894901,707.387408950686
"Borno","Maiduguri",122784.093650229,351428.231546755,34044.6281372427,2723.57542961787
"Borno","Marte",29423.8814686647,84215.9788158758,8158.42731069531,652.67542586038
"Borno","Mobbar",26518.9868350329,75901.693523882,7352.98049230213,588.239557869806
"Borno","Monguno",24973.0899491482,71477.0828710747,6924.34610608929,553.948741771816
"Borno","Ngala",53772.8374346164,153906.687772852,14909.7183513111,1192.77973607035
"Borno","Nganzai",22526.5756835034,64474.757437304,6245.99546692909,499.680587452892
"Borno","Shani",22961.9915588482,65720.9891478682,6366.72422845249,509.338906739206
"Gombe","Akko",224963.02421502,237256.300831485,22984.1555439304,1838.66966593602
"Gombe","Balanga",140997.317976009,148702.224318315,14405.4975209621,1152.40045534343
"Gombe","Billiri",135123.818655149,142507.763132234,13805.4103624219,1104.39512170318
"Gombe","Dukku",138442.579111363,146007.879793336,14144.4834470091,1131.52004234576
"Gombe","Funakaye",158462.478215347,167121.781604555,16189.8883600403,1295.14684868889
"Gombe","Gombe",177901.027556812,187622.565350591,18175.8975860968,1454.02216230395
"Gombe","Kaltungo",106931.021915022,112774.349439043,10924.9920014287,873.969520230001
"Gombe","Kwami",129333.655022724,136401.191577056,13213.8374938723,1057.07090800675
"Gombe","Nafada (Bajoga)",93459.3078654633,98566.4632657007,9548.60593870194,763.862394592266
"Gombe","Shomgom",100634.843982423,106134.112045019,10281.7203640559,822.509546234714
"Gombe","Yamaltu/Deba",170488.818084699,179805.310019507,17418.6025771694,1393.44063002106
"Taraba","Ardo Kola",29303.0554357868,36149.0828658224,3501.94969468912,280.168216676896
"Taraba","Bali",70441.6291155731,86898.7977612925,8418.33856251796,673.496511391885
"Taraba","Donga",44431.5956641347,54812.0805027714,5309.93135550436,424.813069360911
"Taraba","Gashaka",29096.7617118813,35894.5930588977,3477.29594330711,278.19583038889
"Taraba","Gassol",81811.8181506338,100925.386440045,9777.16717024261,782.20754980946
"Taraba","Ibi",28140.7338392839,34715.2098759974,3363.04295955621,269.055192316318
"Taraba","Jalingo",46839.3572022092,57782.3636376385,5597.67813336585,447.8338174117
"Taraba","Karin Lamido",64733.5018036261,79857.0895114342,7736.17165534599,618.920774296573
"Taraba","Kurmi",30470.7179701254,37589.5445885127,3641.49471464745,291.332306054639
"Taraba","Lau",31775.2420365049,39198.842590878,3797.39578325728,303.80493649724
"Taraba","Sardauna",74892.2993758181,92389.2712171615,8950.22928610415,716.049628508365
"Taraba","Takum",44922.628136408,55417.8321305809,5368.61366664179,429.507859376537
"Taraba","Ussa",30339.531184535,37427.7088375072,3625.81684362297,290.078021570518
"Taraba","Wukari",79540.9181446002,98123.9395848532,9505.77644103261,760.49534282353
"Taraba","Yorro",29997.7111630477,37006.0299341238,3584.96661479583,286.809860471945
"Taraba","Zing",42622.3529722778,52580.1472446292,5093.71237089196,407.514794796198
"Yobe","Bade",96054.5329446593,102339.616387239,9914.15767750884,793.110932984527
"Yobe","Bursari",75365.6106246285,80296.9671879848,7778.77445538969,622.284945072664
"Yobe","Damaturu",60259.7841724435,64202.729498864,6219.64402494628,497.557920290843
"Yobe","Fika",93946.6153809686,100093.772612554,9696.59140075998,775.706106639097
"Yobe","Fune",207462.235993045,221036.9984163,21412.9750747797,1712.99117806651
"Yobe","Geidam",107003.611919553,114005.120426802,11044.254218014,883.516184823112
"Yobe","Gujba",89179.0664975104,95014.271324243,9204.5143491432,736.341018630316
"Yobe","Gulani",71122.2928692981,75775.9987549815,7340.8053141899,587.248371568956
"Yobe","Jakusko",159713.918194398,170164.39119156,16484.6876012013,1318.73895782465
"Yobe","Karasuwa",72495.0501353522,77238.5788924719,7482.49286990836,598.583066170706
"Yobe","Machina",41906.8852280804,44648.9554084522,4325.37075750318,346.020201471047
"Yobe","Nangere",60129.9287553843,64064.377323696,6206.241148054,496.485719450136
"Yobe","Nguru",103540.113732277,110314.997066897,10686.7732528605,854.918489383961
"Yobe","Potiskum",140756.401435156,149966.437661212,14528.0094043127,1162.2089811222
"Yobe","Tarmua",53362.3316229354,56853.9597289612,5507.73142641898,440.606469286353
"Yobe","Yunusari",86529.0540975251,92190.8621198884,8930.99637997098,714.460179251462
"Yobe","Yusufari",76084.9684111944,81063.3943170901,7853.0221384914,628.224597348957
"Jigawa","Auyo",56853.7214571604,69215.0894223147,6705.20638530304,536.411658066961
"Jigawa","Babura",91536.0045733631,111438.135965835,10795.5607235477,863.637044815448
"Jigawa","Birnin Kudu",135015.338097391,164370.923490674,15923.4203834243,1273.86210642103
"Jigawa","Biriniwa",61043.3457279057,74315.6388870325,7199.32171658157,575.940526963283
"Jigawa","Buji",41816.292967599,50908.1619088552,4931.7242113574,394.534367673105
"Jigawa","Dutse",107947.193109021,131417.512036721,12731.0612209535,1018.47568382864
"Jigawa","Gagarawa",35312.4246141931,42990.1959756813,4164.67187960656,333.170736271623
"Jigawa","Garki",64587.7841947741,78630.7236193669,7617.34521321877,609.382104158222
"Jigawa","Gumel",45722.2246130553,55663.3371408128,5392.38144079497,431.386612636773
"Jigawa","Guri",48727.6470918746,59322.2108309028,5746.83454393435,459.742604359671
"Jigawa","Gwaram",116644.091423373,142005.32544799,13756.7548187537,1100.53042932769
"Jigawa","Gwiwa",55332.9570506869,67363.6742170031,6525.85068179802,522.063331591616
"Jigawa","Hadejia",44826.0138195287,54572.2685418658,5286.68425543376,422.930914304073
"Jigawa","Jahun",98811.8607374039,120295.93844755,11653.6596475809,932.284337706393
"Jigawa","Kafin Hausa",114888.635845069,139868.191559213,13549.7201400893,1083.9678048717
"Jigawa","Kaugama",55440.8462157589,67495.0210843104,6538.57489931632,523.081259784186
"Jigawa","Kazaure",69273.010885153,84334.631402831,8169.91083453158,653.586953955073
"Jigawa","Kiri Kasamma",82779.3588727758,100777.584647969,9762.82064672344,781.018586094215
"Jigawa","Kiyawa",74341.2226196722,90504.7944005214,8767.64489332969,701.405246061006
"Jigawa","Maigatari",76105.7047815076,92652.9174694315,8975.74414796172,718.053035823948
"Jigawa","Malam Madori",70833.3203242426,86234.1896830122,8353.93039465686,668.308385584666
"Jigawa","Miga",54965.8759870554,66916.7808915831,6482.55792577957,518.599942442395
"Jigawa","Ringim",82703.7075060321,100685.484852567,9753.89848623251,780.304819712174
"Jigawa","Roni",33275.4255971559,40510.3043256046,3924.43256956973,313.951765337011
"Jigawa","Sule Tankarkar",57947.6574137672,70546.8733956097,6834.22285376553,546.732882170905
"Jigawa","Taura",56678.7776715655,69002.1086454459,6684.57388916778,534.761073308492
"Jigawa","Yankwashi",41110.9299401759,50049.4359755832,4848.53520359829,387.879307258735
"Kaduna","Birnin Gwari",141666.536105962,113126.753314972,10959.1595144754,876.725993686058
"Kaduna","Chikun",203953.441007803,162865.495570328,15777.6024950509,1262.1984566596
"Kaduna","Giwa",160185.893367284,127915.247606145,12391.7955900873,991.335995057272
"Kaduna","Igabi",235992.920698936,188450.38255202,18256.1396171366,1460.47989588659
"Kaduna","Ikara",106681.20592836,85189.479450351,8252.7348031649,660.213688045643
"Kaduna","Jaba",85451.5785616702,68236.719228389,6610.4353643588,528.830747089676
"Kaduna","Jema'a",152416.123681751,121710.7561102,11790.7351864448,943.251533931142
"Kaduna","Kachia",138372.245800003,110496.122419109,10704.3170234936,856.338751777201
"Kaduna","Kaduna North",199736.552186089,159498.130527014,15451.3888491028,1236.10156642636
"Kaduna","Kaduna South",220640.749910049,176191.02134067,17068.513426834,1365.47053404225
"Kaduna","Kagarko",130970.63894261,104585.624597207,10131.7372707641,810.532725136811
"Kaduna","Kajuru",60160.6549970637,48040.8412896424,4653.95874516897,372.313825712895
"Kaduna","Kaura",95670.8363493055,76397.2311360085,7400.98533679881,592.074256706493
"Kaduna","Kauru",121228.568392043,96806.1669903189,9378.10195151634,750.242364979934
"Kaduna","Kubau",153786.87278295,122805.357557306,11896.7747527904,951.734633757512
"Kaduna","Kudan",76128.6219449229,60791.9419200761,5889.22221467717,471.134140476833
"Kaduna","Lere",186130.415524109,148633.051814435,14398.8338410318,1151.89781575174
"Kaduna","Markafi",80302.2297198762,64124.7452070672,6212.0876888662,496.963179036899
"Kaduna","Sabon Gari",159623.787620749,127466.382264526,12348.3117391398,987.857313833509
"Kaduna","Sanga",82992.776816594,66273.261476746,6420.2253029043,513.614059631344
"Kaduna","Soba",159522.433270741,127385.446506047,12340.4710837545,987.230066244429
"Kaduna","Zango Kataf",174762.840343943,139555.559637777,13519.4513621728,1081.54776047702
"Kaduna","Zaria",222974.091405655,178054.293748034,17249.0180283792,1379.91079070113
"Kano","Ajingi",101470.101060751,92389.4874589742,8950.23744991856,716.013120712736
"Kano","Albasu",110305.012994255,100433.758399365,9729.52670682618,778.355749709849
"Kano","Bagwai",94958.4023790414,86460.5241742105,8375.86875614213,670.064002248365
"Kano","Bebeji",112819.279967413,102723.022276673,9951.29928995174,796.097410779824
"Kano","Bichi",163606.061966958,148964.867998492,14430.9810234018,1154.46900882012
"Kano","Bunkure",102561.752631748,93383.4465471574,9046.52729954777,723.716245474705
"Kano","Dala",246170.662476677,224140.718259849,21713.6462794186,1737.07744867936
"Kano","Dambatta",123728.741386134,112656.190159551,10913.5755578133,873.078880533528
"Kano","Dawakin Kudu",132560.126174012,120697.249600465,11692.5537005057,935.396620597647
"Kano","Dawakin Tofa",144728.778580927,131776.922796692,12765.8977432223,1021.26343943059
"Kano","Doguwa",88557.8087845251,80632.7231229776,7811.30016014704,624.898885173339
"Kano","Fagge",117627.367312155,107100.831313965,10375.3998177478,830.025174607583
"Kano","Gabasawa",124157.877437199,113046.92259594,10951.4277873391,876.107034047927
"Kano","Garko",95212.9447216595,86692.2873864794,8398.32083201152,671.860153579509
"Kano","Garum Mallam",69732.8447252676,63492.4151634229,6150.83174082752,492.062501623233
"Kano","Gaya",121932.836405307,111021.00167576,10755.1665698665,860.406265483546
"Kano","Gezawa",165968.661678233,151116.037398281,14639.3756952703,1171.14044577131
"Kano","Gwale",210351.322937637,191526.87056939,18554.17771851,1484.32203780358
"Kano","Gwarzo",107944.764713397,98284.7299992276,9521.33944443453,761.700905380658
"Kano","Kabo",90035.0949438766,81977.8061539978,7941.60516398022,635.323199942768
"Kano","Kano Municipal",218238.020555567,198707.783400336,19249.8291038765,1539.97369198052
"Kano","Karaye",84677.9485968132,77100.0736980936,7469.07452333885,597.521058878779
"Kano","Kibiya",81487.6453788264,74195.2724209958,7187.67171561793,575.009018984752
"Kano","Kiru",157056.740398579,143001.648719305,13853.2937779957,1108.2544084038
"Kano","Kumbotso",173059.987957683,157572.757097126,15264.8708250911,1221.17964555786
"Kano","Kunchi",64764.2722545795,58968.4828999199,5712.57551623618,457.002291344199
"Kano","Kura",84118.8960152201,76591.0510309626,7419.76292021694,593.576162999063
"Kano","Madobi",80939.1742341089,73695.8842522963,7139.29345514186,571.138789904021
"Kano","Makoda",129383.931538526,117805.294321276,11412.3953496459,912.9841364356
"Kano","Minjibir",129099.996315698,117546.768613364,11387.3506553158,910.980577329498
"Kano","Nasarawa",350604.741577798,319228.935779469,30925.3233749109,2474.00556941894
"Kano","Rano",87165.1741201782,79364.7160794094,7688.46189748058,615.071904795792
"Kano","Rimin Gado",60767.428403632,55329.3187423766,5360.03125795453,428.798982105302
"Kano","Rogo",133800.505718872,121826.626916602,11801.9621995459,944.149228700908
"Kano","Shanono",81787.4527569678,74468.249876555,7214.11642391674,577.124578289332
"Kano","Sumaila",147187.199081686,134015.337932278,12982.7443512726,1038.61102572814
"Kano","Takai",119122.877057236,108462.507092284,10507.3122450266,840.578082197486
"Kano","Tarauni",130412.682345874,118741.981668783,11503.1369957693,920.243408559158
"Kano","Tofa",57964.5233468122,52777.2471578543,5112.79916154521,409.020576685232
"Kano","Tsanyawa",92722.7799102735,84424.9687555993,8178.67419602372,654.288566885
"Kano","Tudun Wada",134418.344060884,122389.174575019,11856.4590395891,948.508940130541
"Kano","Ungogo",215001.276586849,195760.697380122,18964.3299589877,1517.13394780206
"Kano","Warawa",77513.7279744426,70576.983010054,6837.14969973559,546.967487810323
"Kano","Wudil",110892.870598454,100969.008312227,9781.37907603955,782.503905209025
"Katsina","Bakori",101535.594352529,82425.0348041533,15993.0479819937,638.80032732811
"Katsina","Batagarawa",128389.054901781,104224.261316772,20222.7832367623,807.746000992035
"Katsina","Batsari",141166.23064045,114596.576185014,22235.3383999636,888.132234964843
"Katsina","Baure",137816.254136658,111877.116751315,21707.6777770525,867.056216246381
"Katsina","Bindawa",102544.729784241,83244.2354363196,16151.9986581838,645.149194916927
"Katsina","Charanchi",93028.5690812925,75519.1624494111,14653.0916424017,585.279288105289
"Katsina","Dandume",98688.1482790638,80113.5218494607,15544.5418007924,620.885925040149
"Katsina","Danja",85213.5417945212,69175.0434218408,13422.1331083533,536.111880156361
"Katsina","Dan Musa",76866.7829848491,62399.2729171601,12107.420617739,483.599140227593
"Katsina","Daura",152717.639586225,123973.832411897,24054.8209046702,960.80668832001
"Katsina","Dutsi",82103.9649830748,66650.7367632343,12932.3382589088,516.548310378977
"Katsina","Dutsin Ma",115330.054665023,93623.1656528703,18165.8374069264,725.586698345365
"Katsina","Faskari",132016.10223743,107168.642592949,20794.0857680755,830.565181201908
"Katsina","Funtua",152902.353474129,124123.780306883,24083.9155102716,961.968795980951
"Katsina","Ingawa",114867.590850086,93247.7446363795,18092.9939274611,722.677156738376
"Katsina","Jibia",113704.300813395,92303.403665383,17909.7620914492,715.35844194723
"Katsina","Kafur",142175.366072162,115415.77681718,22394.2890761537,894.48110255366
"Katsina","Kaita",123870.355599889,100556.050679871,19511.0350541451,779.31708784534
"Katsina","Kankara",165196.013447402,134103.584508839,26020.3112646928,1039.31304225306
"Katsina","Kankia",102811.614188455,83460.8880934133,16194.0360846594,646.828269588801
"Katsina","Katsina",216041.90656892,175379.498998869,34029.1362837932,1359.20453820023
"Katsina","Kurfi",79250.407053025,64334.2622973106,12482.8693885515,498.595455999294
"Katsina","Kusada",66787.6523808989,54217.1896179597,10519.8392341496,420.187368522867
"Katsina","Mai'adua",137041.406540706,111248.10738301,21585.630185173,862.181345506919
"Katsina","Malumfashi",124200.395855482,100823.972286353,19563.0202685653,781.393500798345
"Katsina","Mani",119725.158644862,97191.0435070964,18858.1178755014,753.238024748342
"Katsina","Mashi",116172.811778586,94307.302923744,18298.5815449829,730.888814548408
"Katsina","Matazu",77290.538374747,62743.2710291868,12174.1670658835,486.265151920339
"Katsina","Musawa",115450.254511196,93720.7420404163,18184.7702936597,726.342922815904
"Katsina","Rimi",104643.133878447,84947.6876256828,16482.5219350529,658.351079741587
"Katsina","Sabuwa",95534.4302811696,77553.3820541847,15047.7941963328,601.044645711437
"Katsina","Safana",125773.180283373,102100.734509837,19810.7522780245,791.288505734886
"Katsina","Sandamu",92998.0097983672,75494.3548932554,14648.2781966221,585.087027646678
"Katsina","Zango",105974.160423639,86028.1945160232,16692.174240122,666.725090827779
"Kebbi","Aleiro",28240.9055698674,22801.303141215,2208.88003954721,176.709579246867
"Kebbi","Arewa Dandi",79878.5075875815,64492.7642800387,6247.74728142181,499.817452090842
"Kebbi","Argungu",84307.5950170667,68068.7461078448,6594.17111659932,527.531229688222
"Kebbi","Augie",48992.7800374836,39556.0697089493,3832.00084143876,306.558637970711
"Kebbi","Bagudo",100207.682076186,80906.2489318873,7837.80634086867,627.021583751211
"Kebbi","Birnin Kebbi",113093.295181397,91309.908610769,8845.66260507425,707.649708955146
"Kebbi","Bunza",52015.2532937834,41996.3713764228,4068.40547192729,325.470920230368
"Kebbi","Dandi",61557.1579992826,49700.368728647,4814.73149858727,385.176723981986
"Kebbi","Fakai",50425.918213336,40713.1649695817,3944.09463753612,315.526099847278
"Kebbi","Gwandu",63605.8214433771,51354.4302851208,4974.96898736804,397.995663315526
"Kebbi","Jega",83258.8443719291,67221.9998404432,6512.14243091233,520.968965430135
"Kebbi","Kalgo",35756.0396588702,28868.9148927682,2796.68093858888,223.733431919227
"Kebbi","Koko/Besse",65180.8419827026,52626.0793362447,5098.16020099913,407.850914455431
"Kebbi","Maiyama",73155.3044353526,59064.5462374306,5721.88775443041,457.748886078242
"Kebbi","Ngaski",53090.9489575034,42864.872666351,4152.54167904502,332.201785416804
"Kebbi","Sakaba",38618.9478832522,31180.386036217,3020.60509060476,241.647280556316
"Kebbi","Shanga",53528.8055094677,43218.3917824078,4186.78890229451,334.941550502476
"Kebbi","Suru",62509.9170157203,50469.6127282977,4889.25213917726,391.138347432829
"Kebbi","Wasagu/Danko",111683.312880889,90171.5090726205,8735.37996020643,698.82713850138
"Kebbi","Yauri",42339.0445112875,34183.9388337926,3311.57476813598,264.924746226511
"Kebbi","Zuru",69608.6663644417,56201.0413973699,5444.48524610957,435.556788884294
"Sokoto","Binji",44923.5341760007,54545.5481745363,5284.11115612253,422.736777793765
"Sokoto","Bodinga",75093.1378286561,91177.073267718,8832.79765554663,706.636993334952
"Sokoto","Dange Shuni",83339.5019046753,101189.697101165,9802.77264105923,784.236439637486
"Sokoto","Gada",107296.652186232,130278.145255926,12620.7220164516,1009.67659480134
"Sokoto","Goronyo",78460.4426517147,95265.6092837161,9228.87541986231,738.323805533929
"Sokoto","Gudu",41100.4196673233,49903.5741973144,4834.41897591048,386.760732316063
"Sokoto","Gwadabawa",99765.0218232955,121133.341439181,11734.8172728785,938.802893309208
"Sokoto","Illela",64680.600690925,78534.311372803,7608.02750639799,608.653553719156
"Sokoto","Isa",64738.7616621524,78604.9296381766,7614.86866532616,609.200856642245
"Sokoto","Kebbe",53057.4537076471,64421.6433615939,6240.85990104066,499.278105111661
"Sokoto","Kware",57766.3382670165,70139.107365542,6794.74039796625,543.589371403218
"Sokoto","Rabah",64257.9643000063,78021.1519777552,7558.31508485325,604.676485811378
"Sokoto","Sabon Birni",89382.6422262009,108527.196422608,10513.5943913223,841.103240394273
"Sokoto","Shagari",67598.9889805105,82077.7789997696,7951.30165883842,636.115998171033
"Sokoto","Silame",45064.4129729736,54716.6013062189,5300.68196330411,424.062467096358
"Sokoto","Sokoto North",100386.697982414,121888.172231285,11807.941660533,944.652953442668
"Sokoto","Sokoto South",85167.4796892502,103409.203026942,10017.7877324092,801.43796780538
"Sokoto","Tambuwal",97330.0158279107,118176.790062208,11448.4007524189,915.889144262558
"Sokoto","Tangaza",49445.4419834245,60035.987532765,5815.99859397532,465.288566539985
"Sokoto","Tureta",29474.2569299817,35787.2444982712,3466.89664379392,277.356905038482
"Sokoto","Wamako",77223.1218416041,93763.2710751764,9083.3360980718,726.680442607181
"Sokoto","Wurno",69966.786742477,84952.7270478664,8229.81284009213,658.397308284336
"Sokoto","Yabo",49674.6392922611,60314.275808163,5842.95782767746,467.445345466527
"Zamfara","Anka",52103.516063104,42126.6897581672,4081.04264649176,326.492173081828
"Zamfara","Bakura",67884.3480410016,54885.7943846862,5317.08683631038,425.378361861542
"Zamfara","Birnin Magaji",66775.0756938977,53988.9264656927,5230.20233988556,418.427415620085
"Zamfara","Bukkuyum",78479.023463456,63451.7921969963,6146.92185497608,491.766944881244
"Zamfara","Bungudu",93821.6602172524,75856.6075997926,7348.64411160922,587.907305322279
"Zamfara","Gummi",74986.8832131061,60628.3299811197,5873.39764075707,469.884420529867
"Zamfara","Gusau",139189.375687363,112537.273686347,10902.1006841597,872.191459843733
"Zamfara","Kaura Namoda",103513.827595366,83692.9103884088,8107.78958576709,648.64057302192
"Zamfara","Maradun",75292.3139901701,60875.2766089132,5897.32071008005,471.798317434807
"Zamfara","Maru",106335.253467104,85974.0871947959,8328.7796489431,666.320252507223
"Zamfara","Shinkafi",49320.1783524014,39876.307958809,3863.03586393203,309.051162450466
"Zamfara","Talata Mafara",78225.827878669,63247.0787216996,6127.09014192685,490.180365261709
"Zamfara","Tsafe",96826.9974951321,78286.480297262,7584.03915833245,606.739414416614
"Zamfara","Zurmi",106638.507777823,86219.274107902,8352.53224508801,668.220511191938
"Abia","Aba North",18422.8254584702,58937.7135513568,5709.59229106942,456.758371282174
"Abia","Aba South",73699.0610636517,235775.677284962,22840.7739006513,1827.22586024295
"Abia","Arochukwu",29198.6713368265,93411.4547852309,9049.2367281027,723.924654960055
"Abia","Bende",33213.1243929092,106254.364512522,10293.3938892037,823.455264074199
"Abia","Ikwuano",23777.2112823057,76067.2933023047,7369.02070459362,589.51002512727
"Abia","Isiala Ngwa North",26568.1200171977,84995.8791989602,8233.97765887509,658.70521622432
"Abia","Isiala Ngwa South",23562.1944039904,75379.4181871973,7302.38278775258,584.179096961075
"Abia","Isuikwato",19966.0500462178,63874.7482588242,6187.86763648022,495.019644006665
"Abia","Obi Nwa",31363.4964428792,100337.093975427,9720.15817632981,777.597311837818
"Abia","Ohafia",42414.8811917629,135692.330344779,13145.197473918,1051.5950495731
"Abia","Osisioma Ngwa",38048.1591040859,121722.452806611,11791.8652814567,943.330610271678
"Abia","Ugwunagbo",14720.2934391736,47092.6916213627,4562.10553218606,364.961241761171
"Abia","Ukwa East",10024.752436543,32070.8671349101,3106.86595607133,248.544372617782
"Abia","Ukwa West",15064.4583863405,48193.7331047264,4668.76895000058,373.494146829113
"Abia","Umuahia North",38474.3994594951,123086.067309053,11923.965466245,953.898416548207
"Abia","Umuahia South",23977.3994103923,76707.7287543014,7431.06290303182,594.473303075106
"Abia","Umu Nneochi",28126.1733551739,89980.3535695385,8716.84872268872,697.334139167169
"Anambra","Aguata",248896.082724446,202796.740769147,19645.8874933627,1571.69225291395
"Anambra","Anambra East",102357.178625522,83399.0715818627,8079.26582613724,646.350006456178
"Anambra","Anambra West",112551.926437806,91705.5969665287,8883.95855713963,710.726295474422
"Anambra","Anaocha",191203.659064817,155789.831872961,15092.1040347002,1207.38464981658
"Anambra","Awka North",75476.3855454496,61497.0104234161,5957.50870242978,476.60714118615
"Anambra","Awka South",127588.405806445,103957.091547014,10070.8192692047,805.676436417196
"Anambra","Ayamelum",106395.655009127,86689.5606860035,8398.03119925373,671.851581154378
"Anambra","Dunukofia",64931.1386167477,52904.9036922138,5125.15034434198,410.01757207166
"Anambra","Ekwusigo",106582.004827261,86841.3956821466,8412.74017948916,673.028315485779
"Anambra","Idemili North",289955.607815321,236251.417013196,22886.801539243,1830.9688826916
"Anambra","Idemili South",139134.021614444,113364.283618522,10982.1388316611,878.582987303504
"Anambra","Ihiala",203354.743595995,165690.350646739,16051.2145076687,1284.11452524535
"Anambra","Njikoka",99831.0285638143,81340.8029518362,7879.87152727793,630.398246837364
"Anambra","Nnewi North",104573.194152358,85204.6473121709,8254.18055861196,660.343374281577
"Anambra","Nnewi South",156992.657976123,127915.228772366,12391.7582877248,991.354068752516
"Anambra","Ogbaru",150234.954282419,122409.154634252,11858.3586253967,948.681518720296
"Anambra","Onitsha North",84710.456316956,69020.7907738137,6686.37318875279,534.917088597027
"Anambra","Onitsha South",92294.2884462865,75199.9817901355,7284.98089342417,582.806352560513
"Anambra","Orumba North",116231.830788683,94703.9270347696,9174.42109103056,733.963612415811
"Anambra","Orumba South",124153.379916943,101158.284722802,9799.68550356542,783.985441846313
"Anambra","Oyi",113156.049674934,92197.8273872381,8931.64326562849,714.54112374012
"Ebonyi","Abakaliki",74572.7876818687,64493.3880954346,6247.7123132322,499.803233421943
"Ebonyi","Afikpo North",78043.2822536764,67494.8040309302,6538.47054211575,523.063251754134
"Ebonyi","Afikpo South",78488.1791317448,67879.5678021616,6575.74402738606,526.045048534301
"Ebonyi","Ebonyi",63384.6026977908,54817.419438612,5310.36555095288,424.817555603109
"Ebonyi","Ezza North",72812.1319516406,62970.7059369445,6100.20447790713,488.002931270642
"Ebonyi","Ezza South",66572.6151532886,57574.5340770324,5577.45741236916,446.184316629191
"Ebonyi","Ikwo",107098.585645555,92622.9374443823,8972.72548160588,717.798288953867
"Ebonyi","Ishielu",76016.5851652305,65742.0391693746,6368.67374695378,509.479881875387
"Ebonyi","Ivo",60463.6280100922,52291.2492362274,5065.64612862382,405.240540460756
"Ebonyi","Izzi",117914.611651002,101977.048836804,9878.89274388865,790.289675401162
"Ebonyi","Ohaozara",73892.2399378133,63904.8244767313,6190.69598525992,495.242052680948
"Ebonyi","Ohaukwu",97426.4378394863,84258.0955018453,8162.39239869673,652.973425918963
"Ebonyi","Onicha",117879.737315656,101946.888182844,9875.97097012726,790.055939931272
"Enugu","Aninri",23609.3958255557,75109.7772191406,7276.26813544902,582.094781173577
"Enugu","Awgu",34194.0297106579,108783.213800506,10538.3861003737,843.061228204882
"Enugu","Enugu East",48029.3945998206,152798.367015299,14802.3590300137,1184.1751540808
"Enugu","Enugu North",41966.9441950951,133511.583792827,12933.9497310813,1034.70412281051
"Enugu","Enugu South",34322.284186186,109191.236316433,10577.9133276018,846.223370151193
"Enugu","Ezeagu",29568.3760655646,94067.3855199789,9112.78857673934,729.014733062859
"Enugu","Igbo Etiti",36107.6211489087,114871.0200145,11128.1430136506,890.241240676803
"Enugu","Igbo Eze North",44859.4292519711,142713.59429055,13825.3955354177,1106.01897002941
"Enugu","Igbo Eze South",25540.6655834063,81253.8243745196,7871.47339626276,629.710656454313
"Enugu","Isi Uzo",25754.3652703335,81933.6781071394,7937.3343032522,634.979468643234
"Enugu","Nkanu East",26619.9096632892,84687.278707872,8204.08967186961,656.319653616041
"Enugu","Nkanu West",25544.3052374416,81265.4033918635,7872.59511487329,629.800392914951
"Enugu","Nsukka",53632.5553286685,170623.988525327,16529.2181233321,1322.32229865146
"Enugu","Oji River",22312.9857215691,70985.4415176029,6876.72264941413,550.131508527081
"Enugu","Udenu",30969.4695522795,98524.755815598,9544.59682661983,763.558997243912
"Enugu","Udi",41302.2740415138,131397.034673122,12729.1025467305,1018.31653583199
"Enugu","Uzo Uwani",22037.2385991837,70108.1931083587,6791.73911087382,543.332903342511
"Imo","Aboh Mbaise",47230.8470918053,64893.7889562976,6286.58874971714,502.921148834697
"Imo","Ahiazu Mbaise",41422.135977752,56912.7914439985,5513.42925357292,441.06912104764
"Imo","Ehime Mbano",31662.3858784185,43503.1830585872,4214.37283277106,337.145837123563
"Imo","Ezinihitte",40923.3457977642,56227.4684683025,5447.03855920562,435.757928346409
"Imo","Ideato North",37866.5888658603,52027.5747241971,5040.17366217394,403.209121738868
"Imo","Ideato South",38713.5864831172,53191.3244345065,5152.91196816566,412.228079495503
"Imo","Ihitte/Uboma",28957.2311638128,39786.3803765915,3854.30740430165,308.340943698708
"Imo","Ikeduru",36308.8698010856,49887.3147359271,4832.83587869531,386.622295335026
"Imo","Isiala Mbano",47992.7327240473,65940.5973129515,6387.99835676724,511.033821400213
"Imo","Isu",39846.9580442562,54748.5434857478,5303.76763441396,424.296389989208
"Imo","Mbaitoli",57583.7137590776,79118.3219885502,7664.5910326592,613.1600269966
"Imo","Ngor Okpala",38278.0847022431,52592.9578499902,5094.94517813957,407.590791167156
"Imo","Njaba",34792.8580338111,47804.3593426107,4631.04948045304,370.479574494922
"Imo","Nkwerre",19464.2137810504,26743.254865884,2590.75402861599,207.257869775289
"Imo","Nwangele",30963.0611924269,42542.3315943639,4121.29030357549,329.699322903656
"Imo","Obowo",28475.4148839705,39124.3790383765,3790.17599462356,303.210491633883
"Imo","Oguta",34515.2135242894,47422.883986669,4594.09403803663,367.523174085146
"Imo","Ohaji/Egbema",44348.193878536,60933.108579499,5902.89765849766,472.226224754858
"Imo","Okigwe",32177.9074742639,44211.4945055147,4282.99053633202,342.635188452108
"Imo","Orlu",34624.8164223713,47573.4751315473,4608.68256202984,368.690242194508
"Imo","Orsu",29152.4310154852,40054.5792076247,3880.2891782276,310.419461017371
"Imo","Oru East",27095.9217707227,37228.9962436585,3606.56070038167,288.521441912298
"Imo","Oru West",28056.4020346662,38548.6677588419,3734.40393829556,298.748779923758
"Imo","Owerri Municipal",30392.2531789649,41758.0582424978,4045.31378702682,323.621273502248
"Imo","Owerri North",42758.224403485,58748.5374800147,5691.26723410954,455.295991141845
"Imo","Owerri West",24673.7462199701,33900.9985750985,3284.16077523099,262.729753097232
"Imo","Unuimo",24095.1787092988,33106.063903241,3207.15144282439,256.569079404895
"Akwa Ibom","Abak",71804.7902734047,58110.9840945054,5629.51272164833,450.346761740674
"Akwa Ibom","Eastern Obolo",30964.0054411557,25058.896778919,2427.58542822088,194.200686720896
"Akwa Ibom","Eket",89249.8603391097,72229.1255897419,6997.21038486825,559.759111286096
"Akwa Ibom","Esit Eket",32713.3142694804,26474.5970004794,2564.73165851624,205.172037839962
"Akwa Ibom","Essien Udim",99783.4050282045,80753.8304953068,7823.04280643127,625.823613700519
"Akwa Ibom","Etim Ekpo",54690.1681563797,44260.2712125506,4287.72225659517,343.006922442066
"Akwa Ibom","Etinan",87219.6707544069,70586.111046892,6838.04303613114,547.026126457238
"Akwa Ibom","Ibeno",38641.7569987676,31272.4334656378,3029.522985627,242.354166986691
"Akwa Ibom","Ibesikpo Asutan",70802.0872791288,57299.5053960785,5550.90056721102,444.057988460501
"Akwa Ibom","Ibiono Ibom",97381.4615012368,78809.9587625149,7634.72985975654,610.759054843998
"Akwa Ibom","Ika",37573.9970645953,30408.304758971,2945.81035155061,235.657368251676
"Akwa Ibom","Ikono",67986.0511664715,55020.5121822678,5330.12266283356,426.396315200942
"Akwa Ibom","Ikot Abasi",68468.8149664961,55411.2086719842,5367.97146015533,429.424123139645
"Akwa Ibom","Ikot Ekpene",73012.4742608462,59088.3521046086,5724.19543494845,457.921139033324
"Akwa Ibom","Ini",51159.5383547019,41402.9636225181,4010.92003618206,320.863445773774
"Akwa Ibom","Itu",66015.2389475471,53425.551218367,5175.61051376704,414.035734557059
"Akwa Ibom","Mbo",52754.4660320027,42693.7245388109,4135.96274733387,330.866546011907
"Akwa Ibom","Mkpat Enin",91540.7940083178,74083.1580227595,7176.82013215883,574.127436231579
"Akwa Ibom","Nsit Atai",37895.6674896385,30668.6297997125,2971.02938976608,237.674827445058
"Akwa Ibom","Nsit Ibom",55812.1422071323,45168.2749260839,4375.68529037079,350.043742389448
"Akwa Ibom","Nsit Ubium",65616.1197845321,53102.5475963876,5144.31947598123,411.53253077458
"Akwa Ibom","Obot Akara",76047.432139504,61544.5167747184,5962.13685811141,476.955850331396
"Akwa Ibom","Okobo",53053.9344854939,42936.0817195975,4159.44114567251,332.744758423081
"Akwa Ibom","Onna",63607.6158464615,51477.0830562843,4986.85228712382,398.93555443067
"Akwa Ibom","Oron",45028.1799319284,36440.9092745164,3530.22007019702,282.408665803612
"Akwa Ibom","Oruk Anam",88724.7578956604,71804.1648089488,6956.04222778136,556.465762972019
"Akwa Ibom","Udung Uko",27396.2002452513,22171.5034698923,2147.86864801401,171.824052649837
"Akwa Ibom","Ukanafun",64784.836663634,52429.7974911006,5079.14668059294,406.318872184942
"Akwa Ibom","Uruan",60497.274529511,48959.9112337696,4743.00078437907,379.428051732544
"Akwa Ibom","Urue Offong/Oruko",36524.8248275363,29559.2189118014,2863.55499737111,229.077148218045
"Akwa Ibom","Uyo",157975.288790753,127848.009294228,12385.3004036,990.792668164282
"Bayelsa","Brass",122367.884099493,95765.3905207524,9277.22899750855,742.225849908959
"Bayelsa","Ekeremor",179163.909359378,140214.091902375,13583.1768886711,1086.72374190236
"Bayelsa","Kolokuma/Opokuma",52678.9265074131,41226.6503284036,3993.81314916613,319.525513471048
"Bayelsa","Nembe",87037.9265885734,68116.0836538958,6598.71487010436,527.930996861822
"Bayelsa","Ogbia",119363.299198779,93413.9953937785,9049.43865552863,724.001455510319
"Bayelsa","Sagbama",124190.173813663,97191.5186866809,9415.38452011614,753.278999530961
"Bayelsa","Southern Ijaw",213868.493193773,167373.979876402,16214.2787816574,1297.22537328856
"Bayelsa","Yenegoa",234123.024053996,183225.222806016,17749.8607884085,1420.07980108934
"Cross River","Abi",76295.0405685107,69140.8714915219,6698.01989915978,535.865536771514
"Cross River","Akamkpa",79143.4761553309,71722.2099034645,6948.08698215536,555.871797379238
"Cross River","Akpabuyo",143934.812497931,130438.076969621,12636.1848831741,1010.93996391614
"Cross River","Bakassi",16727.4221237155,15158.8954514246,1468.51755253584,117.486654025426
"Cross River","Bekwara",55772.3476434251,50542.586942225,4896.31162857917,391.72243417466
"Cross River","Biase",88875.1024140887,80541.3037206582,7802.43643720039,624.222808007854
"Cross River","Boki",98654.308331869,89403.5156627729,8660.96295933332,692.907998936154
"Cross River","Calabar Municipal",101246.871085723,91752.9743806954,8888.5667037673,711.117112154469
"Cross River","Calabar South",97105.3260992441,87999.781151453,8524.97621969393,682.028573624233
"Cross River","Etung",42312.0621059288,38344.4694020486,3714.61934941242,297.182827394173
"Cross River","Ikom",86537.3551674445,78422.766516202,7597.20320761493,607.803415950068
"Cross River","Obanliku",57958.897306953,52524.1043274876,5088.27106719641,407.079875502341
"Cross River","Obubra",91217.0789637571,82663.6736473296,8008.04096163811,640.671904981169
"Cross River","Obudu",85356.3222979277,77352.4788376051,7493.51912012196,599.508318289033
"Cross River","Odukpani",101970.610565745,92408.8489697729,8952.10453535991,716.2003658241
"Cross River","Ogoja",90704.804634947,82199.4351690126,7963.06787265839,637.073897087909
"Cross River","Yakurr",103761.191733629,94031.5277376366,9109.30149343452,728.776684435526
"Cross River","Yala",111842.33248718,101354.901710345,9818.75313238597,785.535351779563
"Delta","Aniocha North",42244.8354865864,44826.5427647661,4342.57299092205,347.400778442262
"Delta","Aniocha South",57664.3506437716,61188.3902579346,5927.62757294231,474.20329778239
"Delta","Bomadi",34918.9115067384,37052.9098273541,3589.50201213845,287.155977767962
"Delta","Burutu",84429.9950990158,89589.7626855889,8679.01157899132,694.310811805331
"Delta","Ethiope East",81574.0782643582,86559.3122968771,8385.43658532277,670.825154443937
"Delta","Ethiope West",82292.6245042081,87321.7710300711,8459.29980334599,676.734125805653
"Delta","Ika North East",74216.8954932851,78752.5102507329,7629.152347902,610.323296823393
"Delta","Ika South",67819.3982086556,71964.0429194309,6971.51932370546,557.713421292732
"Delta","Isoko North",58278.9715517562,61840.5724737853,5990.80774926273,479.257638257891
"Delta","Isoko South",95459.8828598752,101293.71962394,9812.83284096353,785.015191408608
"Delta","Ndokwa East",41904.6424080586,44465.559477525,4307.60272159806,344.60319765067
"Delta","Ndokwa West",60903.4921396825,64625.4853043499,6260.59628288991,500.840406536698
"Delta","Okpe",52124.2373470308,55309.704194715,5358.12964279381,428.644127062997
"Delta","Oshimili North",48122.3001535618,51063.1967417056,4946.74907597297,395.734161139953
"Delta","Oshimili South",60906.7398063033,64628.9314455169,6260.93012794312,500.867113751893
"Delta","Patani",27357.9376552108,29029.862422982,2812.2689976286,224.978242393981
"Delta","Sapele",70747.5756256258,75071.169949108,7272.52236980798,581.793314192196
"Delta","Udu",57840.9425162771,61375.7741838891,5945.78039771073,475.655502608575
"Delta","Ughelli North",130185.558202677,138141.584051859,13382.4710724358,1070.58208987252
"Delta","Ughelli South",86322.1668639538,91597.5706829998,8873.51805311913,709.871103057847
"Delta","Ukwuani",48322.8435673956,51275.9959587665,4967.36400800883,397.383331678194
"Delta","Uvwie",76615.7032510664,81297.9162701925,7875.73865033092,630.049913646204
"Delta","Warri North",55270.8203442491,58648.5842178714,5681.58376872486,454.52008018427
"Delta","Warri South",126646.819460998,134386.58248279,13018.7051563294,1041.48124051654
"Delta","Warri South West",47309.571581709,50200.7999146692,4863.2043514066,389.050680537606
"Edo","Akoko Edo",88725.1999480894,121182.839157422,11739.5685833398,939.204316819814
"Edo","Egor",115427.527611417,157653.468474087,15272.6550922667,1221.86292367793
"Edo","Esan Central",35698.7597553852,48758.1551136243,4723.43864802457,377.890715230709
"Edo","Esan North East",41379.4493054074,56516.9664597396,5475.07228325069,438.023892174977
"Edo","Esan South East",56413.0768719556,77050.2272742037,7464.22871205715,597.162985873548
"Edo","Esan West",43322.7627604785,59171.1869291905,5732.19947595449,458.594918072972
"Edo","Etsako Central",31962.7404860268,43655.4174193439,4229.11173225574,338.342926918523
"Edo","Etsako East",49976.9746732262,68259.6566358092,6612.64355681857,529.033356725609
"Edo","Etsako West",67493.5930743217,92184.241212951,8930.33394453439,714.456253805803
"Edo","Igueben",23838.068837246,32558.5613040902,3154.10553228345,252.338875197671
"Edo","Ikpoba Okha",126211.916628188,172383.025357532,16699.5786107921,1336.0215248954
"Edo","Oredo",127037.884207712,173511.150133777,16808.8655219867,1344.76483927167
"Edo","Orhionmwon",62411.9420234539,85243.6098893615,8257.96137097957,660.664223961527
"Edo","Ovia North East",52693.6787161072,71970.191064127,6972.10099901872,557.791141053945
"Edo","Ovia South West",46834.9058070499,63968.1495301147,6196.90447739542,495.772855260585
"Edo","Owan East",52451.4853478194,71639.3980085871,6940.05547351855,555.22739301918
"Edo","Owan West",33600.4289763539,45892.208556804,4445.80052373313,355.678746963124
"Edo","Uhunmwonde",41298.0397698484,56405.775516701,5464.30067804055,437.162128129678
"Rivers","Abua/Odual",132103.009193391,213730.908482746,14692.0972941606,1175.38733982265
"Rivers","Ahoada East",77801.426653028,125875.782098666,8652.83945453054,692.238673944484
"Rivers","Ahoada West",116583.326324448,188621.443231372,12966.0450862867,1037.30086568704
"Rivers","Akuku Toru",75359.1979394601,121924.473458078,8381.22216062164,670.508928888664
"Rivers","Andoni",101938.373908362,164927.213980361,11337.2777547985,906.997311155802
"Rivers","Asari Toru",102809.829969151,166337.152305858,11434.1984631978,914.751096836513
"Rivers","Bonny",100562.661468867,162701.433725244,11184.2751764829,894.756901232576
"Rivers","Degema",116693.252343925,188799.293744786,12978.2707258325,1038.27893312395
"Rivers","Eleme",88967.1036100983,143940.853397427,9894.65228839482,791.585353600185
"Rivers","Emohua",94048.492331701,152162.087981358,10459.7889793989,836.797041120079
"Rivers","Etche",116914.03992347,189156.508393007,13002.8260529202,1040.24339197596
"Rivers","Gokana",109370.776135882,176952.179119281,12163.8870600884,973.127155858334
"Rivers","Ikwerre",88375.8419564018,142984.244678464,9828.89395483787,786.324599386326
"Rivers","Khana",137021.146081814,221688.016133989,15239.0776098392,1219.146493149
"Rivers","Obia/Akpor",216273.596191935,349911.425009729,24053.2955063743,1924.29565726072
"Rivers","Ogba/Egbema/Ndoni",132516.518134742,214399.929137463,14738.086508452,1179.06653818107
"Rivers","Ogu/Bolo",35214.6833968234,56974.2227697251,3916.47062249566,313.32286291749
"Rivers","Okrika",103978.320167675,168227.665422921,11564.1544103696,925.147745591433
"Rivers","Omumma",46958.5244393122,75974.712087978,5222.58511797102,417.813761092439
"Rivers","Opobo/Nkoro",71490.7375944675,115665.649007271,7950.98369660581,636.089279087548
"Rivers","Oyigbo",58626.1189236108,94851.8412628837,6520.21970176142,521.626255045189
"Rivers","Port Harcourt",251921.434882527,407586.454483377,28017.9403510802,2241.47252207855
"Rivers","Tai",56276.5087285809,91050.3811399815,6258.90315946983,500.720583829832
"Ekiti","Ado Ekiti",55251.1315594449,132454.432681647,12831.5844602893,1026.47445239245
"Ekiti","Aiyekire (Gboyin)",26067.4940854547,62492.0258294847,6053.94392087204,484.290836429691
"Ekiti","Efon Alayee",15356.4997522182,36814.3856106817,3566.41064216022,285.298313879117
"Ekiti","Ekiti East",24366.2263378928,58413.5491000001,5658.83960035837,452.68410132287
"Ekiti","Ekiti South West",29077.2531982342,69707.3701046098,6752.93373647797,540.207172438113
"Ekiti","Ekiti West",31633.4700757955,75835.4302324709,7346.59239716903,587.697445406877
"Ekiti","Emure",16602.9923342137,39802.6224690069,3855.89747063887,308.456080143841
"Ekiti","Idosi Osi",28181.4412338383,67559.8255714119,6544.88936603252,523.564470838228
"Ekiti","Ijero",39079.1364483685,93685.0468372439,9075.78226579668,726.025586329399
"Ekiti","Ikere",26165.9523804011,62728.0614948519,6076.80998518172,486.120028367232
"Ekiti","Ikole",30015.5131931883,71956.6759890662,6970.83628491739,557.638488093361
"Ekiti","Ilejemeje",7654.56000013362,18350.4006819207,1777.70355784281,142.209038307002
"Ekiti","Irepodun/Ifelodun",23131.5346606583,55453.6027418174,5372.09342717265,429.745576310051
"Ekiti","Ise/Orun",20070.5208719765,48115.3848018947,4661.20016842877,372.87701337171
"Ekiti","Moba",25611.1337237265,61397.9857418882,5947.9582811111,475.812417270174
"Ekiti","Oye",24270.4100365497,58183.8471286946,5636.58711559189,450.903993247695
"Lagos","Agege",34479.5721291779,233055.048934893,22577.1920326795,1806.16522956586
"Lagos","Ajeromi Ifelodun",51323.7051726567,346908.267182686,33606.7148156726,2688.52210195778
"Lagos","Alimosho",98535.859718656,666025.654916406,64521.1900727351,5161.66624755211
"Lagos","Amuwo Odofin",24565.4341077099,166043.198756357,16085.4235991682,1286.826668507
"Lagos","Apapa",16650.954905211,112547.484513671,10903.0299162068,872.237499821271
"Lagos","Badagry",17752.003087955,119989.712542131,11623.9952508667,929.914403011896
"Lagos","Epe",13570.5588635323,91726.4068175021,8885.98942889654,710.875166120379
"Lagos","Eti Osa",21191.4252172995,143237.526919265,13876.125689282,1110.08382728861
"Lagos","Ibeju/Lekki",8795.91512987149,59453.5344968692,5759.55711533346,460.761984234199
"Lagos","Ifako Ijaye",31940.2540890022,215891.23704369,20914.4489217643,1673.14652696156
"Lagos","Ikeja",23717.0781630403,160308.97341683,15529.9209089633,1242.38670261018
"Lagos","Ikorodu",39420.959884003,266454.980949493,25812.8081775275,2065.01306895117
"Lagos","Kosofe",50984.3926638477,344614.778938446,33384.5332978229,2670.74768024884
"Lagos","Lagos Island",15882.8720562654,107355.842770658,10400.0899750531,832.002530257435
"Lagos","Lagos Mainland",24395.5538353639,164894.940447456,15974.1861535018,1277.92772277905
"Lagos","Mushin",47182.4348324197,318916.505620778,30895.0148160184,2471.587319045
"Lagos","Ojo",45488.5605036734,307467.234640949,29785.8674676681,2382.85602898219
"Lagos","Oshodi Isolo",46973.6501108902,317505.283540915,30758.3027729048,2460.65041695473
"Lagos","Shomolu",30135.5655518334,203692.948336208,19732.7405319332,1578.61038614698
"Lagos","Surulere",37550.2607267225,253810.511870554,24587.8760945231,1967.0190520823
"Ogun","Abeokuta North",99506.9634289376,91073.6516412829,8822.77474208581,705.845297328486
"Ogun","Abeokuta South",125286.581577047,114668.42211524,11108.521950322,888.711115053515
"Ogun","Ado Odo/Ota",263913.972887375,241547.007382822,23399.9054321169,1872.05427884315
"Ogun","Ewekoro",27577.1135612947,25239.9264052215,2445.12195532908,195.616218708497
"Ogun","Ifo",269884.600926493,247011.618897197,23929.2905569633,1914.40648795782
"Ogun","Ijebu East",54721.2464675059,50083.5676863707,4851.85372512897,388.161121112149
"Ogun","Ijebu North",140415.876721442,128515.494803201,12449.9593579749,996.029652988721
"Ogun","Ijebu North East",34438.23013844,31519.5566892208,3053.46215538527,244.285042512562
"Ogun","Ijebu Ode",78667.8297498165,72000.654779573,6975.07508433873,558.024441370884
"Ogun","Ikenne",59624.6898168686,54571.4394498533,5286.61702853237,422.943334432687
"Ogun","Imeko Afon",41522.0939890099,38003.0561988988,3681.55221967324,294.533907652646
"Ogun","Ipokia",75277.0656370579,68897.2612183407,6674.43333084193,533.972306516522
"Ogun","Obafemi Owode",117666.122047576,107693.803931567,10432.8546850083,834.655948088235
"Ogun","Odeda",54821.8581572998,50175.6524377447,4860.7744503213,388.874802704373
"Ogun","Odogbolu",62898.3239027029,57567.6298676949,5576.87346016347,446.164616090132
"Ogun","Ogun Waterside",37152.2429845247,34003.5543108625,3294.09982699136,263.536692229177
"Ogun","Remo North",29909.2024306987,27374.3684781151,2651.89637657821,212.15871889841
"Ogun","Shagamu",128084.687775795,117229.386096239,11356.6157504471,908.55927475766
"Ogun","Yewa North",92024.1567088862,84225.0200577485,8159.31244905014,652.766560402319
"Ogun","Yewa South",84261.5393689599,77120.2920761143,7471.04077600196,597.703007505737
"Ondo","Akoko North East",72224.7564807071,70606.4547170773,6839.99383227058,547.178807553557
"Ondo","Akoko North West",85442.3563380719,83527.8948336219,8091.75715979313,647.316085698688
"Ondo","Akoko South East",33247.8591926995,32502.8920679874,3148.71469140935,251.887646746577
"Ondo","Akoko South West",92102.9781304209,90039.2756105815,8722.54657603607,697.777330118062
"Ondo","Akure North",52735.299629239,51553.6877754373,4994.25878027418,399.525588913747
"Ondo","Akure South",145289.95470368,142034.519844616,13759.5810977847,1100.72484890283
"Ondo","Ese Odo",63821.9521899961,62391.9275998134,6044.21227034046,483.51869077455
"Ondo","Idanre",52344.115133079,51171.2683425449,4957.21193274719,396.561953221885
"Ondo","Ifedore",71127.8267595162,69534.1033176264,6736.10988868976,538.868406438232
"Ondo","Ilaje",116886.734018578,114267.715041924,11069.6744263152,885.540455317422
"Ondo","Ile Oluji Okeigbo",69314.6664556654,67761.5695338283,6564.39584077088,525.131802241726
"Ondo","Irele",58127.596431461,56825.1622467818,5504.9323867518,440.377932043528
"Ondo","Odigbo",93677.3949067184,91578.4152662639,8871.6505891756,709.705199954175
"Ondo","Okitipupa",94423.8717133083,92308.1661634637,8942.3451404874,715.360550124934
"Ondo","Ondo East",30686.6089503159,29999.0303996373,2906.1533216734,232.4834712012
"Ondo","Ondo West",116495.549522418,113885.295609032,11032.6275787882,882.57681962556
"Ondo","Ose",58128.8062804182,56826.3449872959,5505.04696463075,440.387097927111
"Ondo","Owo",89634.4829747556,87626.090714979,8488.76951035291,679.075872314054
"Osun","Aiyedade",74677.6300774907,64260.0202058042,6225.20409389157,498.000569384844
"Osun","Aiyedire",38099.975754222,32784.9880783098,3176.05318749722,254.07621531994
"Osun","Atakumosa East",37998.1215161392,32697.3426162021,3167.5625133926,253.396982884378
"Osun","Atakumosa West",34126.16261255,29365.5261522556,2844.79203456257,227.576161620751
"Osun","Boluwaduro",35426.3020045482,30484.2946979831,2953.17299225095,236.246363886449
"Osun","Boripe",69271.8661768897,59608.3661948244,5774.57405207432,461.951306738643
"Osun","Ede North",41849.110429535,36011.1144261852,3488.58491225992,279.077962175978
"Osun","Ede South",37690.5616599676,32432.6876914063,3141.92400727277,251.345967294643
"Osun","Egbedore",36931.6477291545,31779.6430717805,3078.66016100305,246.285019735557
"Osun","Ejigbo",66162.8154879599,56933.0314274492,5515.40038712595,441.218069600202
"Osun","Ife Central",83482.5295313651,71836.6266973189,6959.18957347476,556.717549782532
"Osun","Ife East",94172.2316752524,81035.1038724439,7850.29414494491,628.003659808871
"Osun","Ife North",76527.4827838476,65851.8164661423,6379.409719174,510.336629060117
"Osun","Ife South",67148.9043125362,57781.5597983447,5597.60176632509,447.793971856252
"Osun","Ifedayo",18727.199813775,16114.7352585048,1561.11864860823,124.885540161977
"Osun","Ifelodun",48153.0889100917,41435.6811152618,4014.09104581349,321.117122624019
"Osun","Ila",30982.6612254452,26660.5465962263,2582.74652396116,206.613184099694
"Osun","Ilesha East",52632.6782438123,45290.3629095271,4387.51422261079,350.990031505678
"Osun","Ilesha West",53328.182918564,45888.8439326448,4445.49220804087,355.628123577919
"Osun","Irepodun",59709.5506486445,51380.0039875384,4977.4495890759,398.183367494157
"Osun","Irewole",71300.9623708531,61354.4012830873,5943.72159894283,475.482682317673
"Osun","Isokan",50957.0761702538,43848.5091309321,4247.8343093995,339.815992026538
"Osun","Iwo",95537.2781797544,82209.7249185341,7964.08582632741,637.106706273701
"Osun","Obokun",58341.5084312577,50202.8051337391,4863.40818198443,389.060343604751
"Osun","Odo Otin",65944.6277328511,56745.2810993067,5497.21203132341,439.763047176965
"Osun","Ola Oluwa",38059.0343447966,32749.7580396194,3172.64026947478,253.80319051741
"Osun","Olorunda",65730.4342615888,56560.9678481097,5479.35664313281,438.334661319828
"Osun","Oriade",74083.4803553409,63748.7550101761,6175.67516161462,494.038380177402
"Osun","Orolu",51342.52456143,44180.1870561631,4279.96568395227,342.386420655231
"Osun","Osogbo",77642.3872624698,66811.1905685269,6472.34930385839,517.771560572906
"Oyo","Afijio",55309.2325565338,74314.077672338,7199.17782884177,575.92664707856
"Oyo","Akinyele",88627.2457864188,119080.517353504,11535.927609278,922.862063822829
"Oyo","Atiba",70398.5137437707,94588.1976037961,9163.23362125002,733.049042731188
"Oyo","Atigbo",46012.2235526179,61822.5167284895,5989.05760113619,479.118302865656
"Oyo","Egbeda",118683.627746421,159464.594301995,15448.135908326,1235.83460900944
"Oyo","Ibadan Central (Ibadan North East)",138684.812651061,186338.400714386,18051.5364666119,1444.10391283594
"Oyo","Ibadan North",128925.02440603,173225.044622066,16781.1798208928,1342.47671859831
"Oyo","Ibadan North West",64449.7502076677,86595.3751573001,8388.92877956991,671.105470577857
"Oyo","Ibadan South East",111492.557187832,149802.594824927,14512.1295068971,1160.95508231414
"Oyo","Ibadan South West",118455.585534479,159158.194341853,15418.4534057787,1233.46004005512
"Oyo","Ibarapa Central",43199.5634633104,58043.3964861496,5622.95524861641,449.830500093292
"Oyo","Ibarapa East",49032.0045500192,65879.926842885,6382.119290832,510.562824229557
"Oyo","Ibarapa North",41965.2065362861,56384.9012890501,5462.28849170874,436.977328689176
"Oyo","Ido",43552.7150722624,58517.8947730485,5668.92228008423,453.507814217046
"Oyo","Irepo",50729.9775703123,68161.3415919798,6603.13139236804,528.243559672915
"Oyo","Iseyin",106957.655365768,143709.452131312,13921.8561810106,1113.73383767759
"Oyo","Itesiwaju",53303.7163696771,71619.4446283727,6938.13519634738,555.043511302312
"Oyo","Iwajowa",43033.8667368353,57820.764588505,5601.38777887558,448.105125220062
"Oyo","Kajola",83906.1443601087,112737.19487592,10921.4181115868,873.701950957525
"Oyo","Lagelu",61982.710057927,83280.633570148,8067.81311898428,645.416555798647
"Oyo","Ogbomosho North",83207.7912376669,111798.880135595,10830.5188514922,866.430105847874
"Oyo","Ogbomosho South",42001.1911789045,56433.2506405587,5466.9723361474,437.35203131316
"Oyo","Ogo Oluwa",27280.543365467,36654.4304611836,3550.89871758175,284.068159052744
"Oyo","Olorunsogo",34034.358673636,45728.9290972455,4429.99096275011,354.394613165912
"Oyo","Oluyole",85133.3880438247,114386.13264307,11081.1589922682,886.481053238295
"Oyo","Ona Ara",111121.831683647,149304.484064036,14463.8750165174,1157.09477388565
"Oyo","Orelope",43517.985707875,58471.2320268251,5664.40182556784,453.146182614829
"Oyo","Ori Ire",62516.2033060477,83997.440816352,8137.25383595285,650.971740049578
"Oyo","Oyo East",51924.5840200256,69766.4276217151,6758.6241350702,540.682815387746
"Oyo","Oyo West",57097.1671833727,76716.3658002045,7431.89954147447,594.544139081878
"Oyo","Saki East",45590.4500670448,61255.817352667,5934.15858725045,474.726439551978
"Oyo","Saki West",114342.457197988,153631.751024061,14883.0790937779,1190.63065873225
"Oyo","Surulere",58721.4972141212,78898.833039235,7643.32610090348,611.458041248245
